,time,SI
0,2011-01-01 12:00:00,38.65867345865721
1,2011-01-02 12:00:00,38.975081372498465
2,2011-01-03 12:00:00,39.58856682369031
3,2011-01-04 12:00:00,39.846459591713604
4,2011-01-05 12:00:00,40.0629740510798
5,2011-01-06 12:00:00,40.65821108291224
6,2011-01-07 12:00:00,42.04325684291329
7,2011-01-08 12:00:00,42.70504300491895
8,2011-01-09 12:00:00,43.7660991952056
9,2011-01-10 12:00:00,44.179009469988166
10,2011-01-11 12:00:00,44.52194512927705
11,2011-01-12 12:00:00,45.13315556000094
12,2011-01-13 12:00:00,46.280911344813426
13,2011-01-14 12:00:00,46.7416356340257
14,2011-01-15 12:00:00,47.12745040672984
15,2011-01-16 12:00:00,47.46482293085875
16,2011-01-17 12:00:00,47.50769676802828
17,2011-01-18 12:00:00,47.47056719496201
18,2011-01-19 12:00:00,47.42833104663011
19,2011-01-20 12:00:00,47.38608564090142
20,2011-01-21 12:00:00,47.343803409844675
21,2011-01-22 12:00:00,47.30160289439434
22,2011-01-23 12:00:00,47.23742724286549
23,2011-01-24 12:00:00,46.976360416521345
24,2011-01-25 12:00:00,46.86605467428117
25,2011-01-26 12:00:00,46.83105137912151
26,2011-01-27 12:00:00,46.74118996257807
27,2011-01-28 12:00:00,46.145405364939215
28,2011-01-29 12:00:00,45.92579848838242
29,2011-01-30 12:00:00,45.900046889559164
30,2011-01-31 12:00:00,45.87434834919163
31,2011-02-01 12:00:00,45.84876783913314
32,2011-02-02 12:00:00,45.82304326754163
33,2011-02-03 12:00:00,45.79745189759607
34,2011-02-04 12:00:00,45.77189417651268
35,2011-02-05 12:00:00,45.91496263179501
36,2011-02-06 12:00:00,46.411589367875564
37,2011-02-07 12:00:00,46.45441311458554
38,2011-02-08 12:00:00,46.44461450355645
39,2011-02-09 12:00:00,46.43489428598981
40,2011-02-10 12:00:00,46.42533784439317
41,2011-02-11 12:00:00,46.415558943533235
42,2011-02-12 12:00:00,46.40621933123439
43,2011-02-13 12:00:00,46.3969268396592
44,2011-02-14 12:00:00,46.38879218141948
45,2011-02-15 12:00:00,46.3621240847187
46,2011-02-16 12:00:00,46.18209777672207
47,2011-02-17 12:00:00,45.851313591830845
48,2011-02-18 12:00:00,44.34698935320161
49,2011-02-19 12:00:00,43.26733431452352
50,2011-02-20 12:00:00,42.94891385305191
51,2011-02-21 12:00:00,42.431460643315184
52,2011-02-22 12:00:00,42.1999280307807
53,2011-02-23 12:00:00,42.11503312934527
54,2011-02-24 12:00:00,41.95101480025174
55,2011-02-25 12:00:00,41.05365458487997
56,2011-02-26 12:00:00,40.70976998600899
57,2011-02-27 12:00:00,40.65006227555715
58,2011-02-28 12:00:00,40.582988019220224
59,2011-03-01 12:00:00,40.477186516897376
60,2011-03-02 12:00:00,40.41286892909308
61,2011-03-03 12:00:00,40.357160099972425
62,2011-03-04 12:00:00,40.30140774320439
63,2011-03-05 12:00:00,40.24575676680253
64,2011-03-06 12:00:00,40.14946872369944
65,2011-03-07 12:00:00,39.675749167798074
66,2011-03-08 12:00:00,39.445895648237546
67,2011-03-09 12:00:00,38.97149391667041
68,2011-03-10 12:00:00,38.76304336300783
69,2011-03-11 12:00:00,38.29516227407623
70,2011-03-12 12:00:00,37.5564457710804
71,2011-03-13 12:00:00,37.362975603450096
72,2011-03-14 12:00:00,37.37858989617143
73,2011-03-15 12:00:00,37.39418315845573
74,2011-03-16 12:00:00,37.40782990660269
75,2011-03-17 12:00:00,37.40066993163735
76,2011-03-18 12:00:00,37.33632379218232
77,2011-03-19 12:00:00,37.2627104224967
78,2011-03-20 12:00:00,37.189126896351624
79,2011-03-21 12:00:00,37.11539715857482
80,2011-03-22 12:00:00,37.04173072755266
81,2011-03-23 12:00:00,36.94614687820117
82,2011-03-24 12:00:00,36.71823990318373
83,2011-03-25 12:00:00,36.6185051343996
84,2011-03-26 12:00:00,36.55023047545499
85,2011-03-27 12:00:00,36.48188667831308
86,2011-03-28 12:00:00,36.39133699312962
87,2011-03-29 12:00:00,36.09439501060591
88,2011-03-30 12:00:00,35.9561962537592
89,2011-03-31 12:00:00,35.89927160380308
90,2011-04-01 12:00:00,35.84253801439072
91,2011-04-02 12:00:00,35.78566882208548
92,2011-04-03 12:00:00,35.728817668698056
93,2011-04-04 12:00:00,35.671993756349686
94,2011-04-05 12:00:00,35.61530212999442
95,2011-04-06 12:00:00,35.55294539473869
96,2011-04-07 12:00:00,35.43943474420374
97,2011-04-08 12:00:00,35.36407205467079
98,2011-04-09 12:00:00,35.30835957519991
99,2011-04-10 12:00:00,35.206356490729895
100,2011-04-11 12:00:00,34.67671347509855
101,2011-04-12 12:00:00,34.46761510583421
102,2011-04-13 12:00:00,34.423334533869934
103,2011-04-14 12:00:00,34.37924270575954
104,2011-04-15 12:00:00,34.34061334462104
105,2011-04-16 12:00:00,34.32626870588739
106,2011-04-17 12:00:00,34.26500674748208
107,2011-04-18 12:00:00,34.19469647512033
108,2011-04-19 12:00:00,34.12467319653915
109,2011-04-20 12:00:00,34.04451931140239
110,2011-04-21 12:00:00,33.872486156133746
111,2011-04-22 12:00:00,33.77058609525834
112,2011-04-23 12:00:00,33.704622513375824
113,2011-04-24 12:00:00,33.63866740847551
114,2011-04-25 12:00:00,33.572755082647426
115,2011-04-26 12:00:00,33.50679088563076
116,2011-04-27 12:00:00,33.44083487763948
117,2011-04-28 12:00:00,33.37499977515211
118,2011-04-29 12:00:00,33.30906756354491
119,2011-04-30 12:00:00,33.24313598090969
120,2011-05-01 12:00:00,33.17736661469419
121,2011-05-02 12:00:00,33.11143622871303
122,2011-05-03 12:00:00,33.04559693782801
123,2011-05-04 12:00:00,32.97978142035972
124,2011-05-05 12:00:00,32.913917721792785
125,2011-05-06 12:00:00,32.84805337830881
126,2011-05-07 12:00:00,32.782305449454554
127,2011-05-08 12:00:00,32.71651687567474
128,2011-05-09 12:00:00,32.650707707451254
129,2011-05-10 12:00:00,32.5849944951937
130,2011-05-11 12:00:00,32.519195010590266
131,2011-05-12 12:00:00,32.45349053014341
132,2011-05-13 12:00:00,32.387748664731156
133,2011-05-14 12:00:00,32.32199711142539
134,2011-05-15 12:00:00,32.25628933919001
135,2011-05-16 12:00:00,32.19875951274904
136,2011-05-17 12:00:00,32.191912715851664
137,2011-05-18 12:00:00,32.20299248028875
138,2011-05-19 12:00:00,32.21543382950365
139,2011-05-20 12:00:00,32.22795793131657
140,2011-05-21 12:00:00,32.240464163217396
141,2011-05-22 12:00:00,32.25300147095497
142,2011-05-23 12:00:00,32.26552883572364
143,2011-05-24 12:00:00,32.27811320111597
144,2011-05-25 12:00:00,32.29062907175517
145,2011-05-26 12:00:00,32.30325505966665
146,2011-05-27 12:00:00,32.31571702064883
147,2011-05-28 12:00:00,32.32837463529333
148,2011-05-29 12:00:00,32.34101299414664
149,2011-05-30 12:00:00,32.3535690685812
150,2011-05-31 12:00:00,31.990737338749106
151,2011-06-01 12:00:00,28.293756655162184
152,2011-06-02 12:00:00,27.082749611162534
153,2011-06-03 12:00:00,27.10465129945584
154,2011-06-04 12:00:00,27.126630760848222
155,2011-06-05 12:00:00,27.148582789720944
156,2011-06-06 12:00:00,27.170472123205275
157,2011-06-07 12:00:00,27.19242087598483
158,2011-06-08 12:00:00,27.214419967715113
159,2011-06-09 12:00:00,27.23642687828547
160,2011-06-10 12:00:00,27.258332210999747
161,2011-06-11 12:00:00,27.280275506028815
162,2011-06-12 12:00:00,27.30232857909822
163,2011-06-13 12:00:00,27.32430839576852
164,2011-06-14 12:00:00,27.34635512250078
165,2011-06-15 12:00:00,27.365568500660114
166,2011-06-16 12:00:00,27.362886335604838
167,2011-06-17 12:00:00,27.324525830877025
168,2011-06-18 12:00:00,27.280733285672056
169,2011-06-19 12:00:00,27.236995068361203
170,2011-06-20 12:00:00,27.19332952824538
171,2011-06-21 12:00:00,27.149610579600928
172,2011-06-22 12:00:00,27.1059628619589
173,2011-06-23 12:00:00,27.062459611311407
174,2011-06-24 12:00:00,27.01893220731986
175,2011-06-25 12:00:00,26.975485670565213
176,2011-06-26 12:00:00,26.932168518820546
177,2011-06-27 12:00:00,26.88060428086185
178,2011-06-28 12:00:00,26.775452109159954
179,2011-06-29 12:00:00,26.651921265958162
180,2011-06-30 12:00:00,25.99396176906214
181,2011-07-01 12:00:00,24.33911844268877
182,2011-07-02 12:00:00,23.802387036887826
183,2011-07-03 12:00:00,23.794489980550022
184,2011-07-04 12:00:00,23.786638175369088
185,2011-07-05 12:00:00,23.778778186540773
186,2011-07-06 12:00:00,23.770948725910696
187,2011-07-07 12:00:00,23.76303658035321
188,2011-07-08 12:00:00,23.755160972044347
189,2011-07-09 12:00:00,23.747334780851
190,2011-07-10 12:00:00,23.73413947878279
191,2011-07-11 12:00:00,23.672573608152266
192,2011-07-12 12:00:00,23.646496907304954
193,2011-07-13 12:00:00,23.638836054225784
194,2011-07-14 12:00:00,23.63114321657843
195,2011-07-15 12:00:00,23.623507080964924
196,2011-07-16 12:00:00,23.61671862076696
197,2011-07-17 12:00:00,23.60758848850577
198,2011-07-18 12:00:00,23.549663617360057
199,2011-07-19 12:00:00,23.483378127797298
200,2011-07-20 12:00:00,23.41713517424963
201,2011-07-21 12:00:00,23.350878947019297
202,2011-07-22 12:00:00,23.216119388195754
203,2011-07-23 12:00:00,22.452256978454507
204,2011-07-24 12:00:00,22.13335821355181
205,2011-07-25 12:00:00,21.847499244032498
206,2011-07-26 12:00:00,21.71581597295117
207,2011-07-27 12:00:00,21.663651794996742
208,2011-07-28 12:00:00,21.611490352241205
209,2011-07-29 12:00:00,21.37601968080277
210,2011-07-30 12:00:00,19.67676162557887
211,2011-07-31 12:00:00,19.91236693231986
212,2011-08-01 12:00:00,22.349863608767176
213,2011-08-02 12:00:00,22.556304819551485
214,2011-08-03 12:00:00,22.490158010143873
215,2011-08-04 12:00:00,22.42401066239938
216,2011-08-05 12:00:00,22.357834955150945
217,2011-08-06 12:00:00,22.291603455966456
218,2011-08-07 12:00:00,22.22553388687372
219,2011-08-08 12:00:00,22.142355592648308
220,2011-08-09 12:00:00,21.864026830120736
221,2011-08-10 12:00:00,21.350356378741296
222,2011-08-11 12:00:00,21.14118243148304
223,2011-08-12 12:00:00,20.89567391311821
224,2011-08-13 12:00:00,20.777918871836174
225,2011-08-14 12:00:00,20.725831040320003
226,2011-08-15 12:00:00,20.673814635828222
227,2011-08-16 12:00:00,20.628240872614768
228,2011-08-17 12:00:00,20.58081747883261
229,2011-08-18 12:00:00,20.14519575512996
230,2011-08-19 12:00:00,18.484716240308334
231,2011-08-20 12:00:00,17.708302992245454
232,2011-08-21 12:00:00,16.387148952652417
233,2011-08-22 12:00:00,15.01006541788694
234,2011-08-23 12:00:00,13.466253175795005
235,2011-08-24 12:00:00,12.945128548784806
236,2011-08-25 12:00:00,12.864524109317209
237,2011-08-26 12:00:00,12.757160937834646
238,2011-08-27 12:00:00,12.627644665134374
239,2011-08-28 12:00:00,12.039667545095902
240,2011-08-29 12:00:00,11.807573742992691
241,2011-08-30 12:00:00,11.757714975716233
242,2011-08-31 12:00:00,11.86072951324689
243,2011-09-01 12:00:00,12.260996089535302
244,2011-09-02 12:00:00,12.195586475681337
245,2011-09-03 12:00:00,11.707098402540819
246,2011-09-04 12:00:00,11.508942279049943
247,2011-09-05 12:00:00,11.459263039166126
248,2011-09-06 12:00:00,11.409645592945841
249,2011-09-07 12:00:00,11.35999978774694
250,2011-09-08 12:00:00,11.310473924788418
251,2011-09-09 12:00:00,11.26091788388142
252,2011-09-10 12:00:00,11.211427265363596
253,2011-09-11 12:00:00,11.161941743362547
254,2011-09-12 12:00:00,11.112565615816115
255,2011-09-13 12:00:00,11.063095160192086
256,2011-09-14 12:00:00,11.013723200058188
257,2011-09-15 12:00:00,10.970563112738548
258,2011-09-16 12:00:00,10.970195455419688
259,2011-09-17 12:00:00,11.011442857828074
260,2011-09-18 12:00:00,11.058551015855821
261,2011-09-19 12:00:00,11.105749311355831
262,2011-09-20 12:00:00,11.152995208838078
263,2011-09-21 12:00:00,11.200248025380453
264,2011-09-22 12:00:00,11.247511368898111
265,2011-09-23 12:00:00,11.29479488809713
266,2011-09-24 12:00:00,11.342078396890908
267,2011-09-25 12:00:00,11.389475849946267
268,2011-09-26 12:00:00,11.43687658173971
269,2011-09-27 12:00:00,11.484245687412855
270,2011-09-28 12:00:00,11.531640956340919
271,2011-09-29 12:00:00,11.579075110031717
272,2011-09-30 12:00:00,11.62658795432932
273,2011-10-01 12:00:00,11.674029926159932
274,2011-10-02 12:00:00,11.721559305816854
275,2011-10-03 12:00:00,11.7690919514243
276,2011-10-04 12:00:00,11.816672573385501
277,2011-10-05 12:00:00,12.014893312625976
278,2011-10-06 12:00:00,12.511158354344488
279,2011-10-07 12:00:00,12.617536365372185
280,2011-10-08 12:00:00,12.681402261989884
281,2011-10-09 12:00:00,12.745299227700482
282,2011-10-10 12:00:00,12.813590332383905
283,2011-10-11 12:00:00,12.903147665755869
284,2011-10-12 12:00:00,12.972161241765148
285,2011-10-13 12:00:00,13.03719343925014
286,2011-10-14 12:00:00,13.10221654095765
287,2011-10-15 12:00:00,13.167258367617057
288,2011-10-16 12:00:00,13.224250590068621
289,2011-10-17 12:00:00,13.263965701073284
290,2011-10-18 12:00:00,13.437305650383527
291,2011-10-19 12:00:00,14.030416616496705
292,2011-10-20 12:00:00,15.166718463560004
293,2011-10-21 12:00:00,15.44778682308489
294,2011-10-22 12:00:00,15.634553099270656
295,2011-10-23 12:00:00,16.68745792680541
296,2011-10-24 12:00:00,18.278618579721908
297,2011-10-25 12:00:00,18.96245272355438
298,2011-10-26 12:00:00,19.201956192195492
299,2011-10-27 12:00:00,19.388615053603527
300,2011-10-28 12:00:00,19.575489471831272
301,2011-10-29 12:00:00,19.76262416472632
302,2011-10-30 12:00:00,19.949928252958497
303,2011-10-31 12:00:00,20.137439543075093
304,2011-11-01 12:00:00,20.32520529029452
305,2011-11-02 12:00:00,20.51317133347594
306,2011-11-03 12:00:00,20.701353843224712
307,2011-11-04 12:00:00,20.889731739664768
308,2011-11-05 12:00:00,21.0782866661719
309,2011-11-06 12:00:00,21.266996275550312
310,2011-11-07 12:00:00,21.455915439004617
311,2011-11-08 12:00:00,21.644961838218848
312,2011-11-09 12:00:00,21.834318849018658
313,2011-11-10 12:00:00,22.02379435926476
314,2011-11-11 12:00:00,22.21336276348326
315,2011-11-12 12:00:00,22.403127456292854
316,2011-11-13 12:00:00,22.593076086195442
317,2011-11-14 12:00:00,23.09359015540631
318,2011-11-15 12:00:00,24.180559502878143
319,2011-11-16 12:00:00,24.297233517332963
320,2011-11-17 12:00:00,24.303882348422643
321,2011-11-18 12:00:00,24.311531209692554
322,2011-11-19 12:00:00,24.3768691557594
323,2011-11-20 12:00:00,24.688777388983606
324,2011-11-21 12:00:00,24.743963874990193
325,2011-11-22 12:00:00,24.75415966071747
326,2011-11-23 12:00:00,24.76448630197845
327,2011-11-24 12:00:00,24.774793664921795
328,2011-11-25 12:00:00,24.785138664523224
329,2011-11-26 12:00:00,24.79547438066367
330,2011-11-27 12:00:00,24.835652990908713
331,2011-11-28 12:00:00,24.934843182398257
332,2011-11-29 12:00:00,24.955319941855667
333,2011-11-30 12:00:00,24.971998331356822
334,2011-12-01 12:00:00,25.004096337824716
335,2011-12-02 12:00:00,25.01869041128538
336,2011-12-03 12:00:00,25.030923242182933
337,2011-12-04 12:00:00,25.043052688726128
338,2011-12-05 12:00:00,25.05532896750574
339,2011-12-06 12:00:00,25.067499107376037
340,2011-12-07 12:00:00,25.07969852245397
341,2011-12-08 12:00:00,25.091887375995995
342,2011-12-09 12:00:00,25.10410968207201
343,2011-12-10 12:00:00,25.11632236007749
344,2011-12-11 12:00:00,25.128580280025762
345,2011-12-12 12:00:00,25.140693727339013
346,2011-12-13 12:00:00,25.153017067960494
347,2011-12-14 12:00:00,25.165265358646813
348,2011-12-15 12:00:00,25.177494570732797
349,2011-12-16 12:00:00,25.18823236520553
350,2011-12-17 12:00:00,25.183919417187553
351,2011-12-18 12:00:00,25.142615757723163
352,2011-12-19 12:00:00,25.095396339258762
353,2011-12-20 12:00:00,25.04805754223794
354,2011-12-21 12:00:00,25.0009364529161
355,2011-12-22 12:00:00,24.953737586308716
356,2011-12-23 12:00:00,24.906701546052815
357,2011-12-24 12:00:00,24.85963297027896
358,2011-12-25 12:00:00,24.812606930520175
359,2011-12-26 12:00:00,24.765585079597397
360,2011-12-27 12:00:00,24.718684268804168
361,2011-12-28 12:00:00,24.671745087955024
362,2011-12-29 12:00:00,24.624865363869382
363,2011-12-30 12:00:00,24.57805885958989
364,2011-12-31 12:00:00,24.531197851242062
365,2012-01-01 12:00:00,24.484457141778606
366,2012-01-02 12:00:00,24.437795132661368
367,2012-01-03 12:00:00,24.353617455599597
368,2012-01-04 12:00:00,24.04960721981544
369,2012-01-05 12:00:00,23.95888409561042
370,2012-01-06 12:00:00,23.917157715975453
371,2012-01-07 12:00:00,23.780625561744476
372,2012-01-08 12:00:00,22.92585209030761
373,2012-01-09 12:00:00,22.628537518614603
374,2012-01-10 12:00:00,22.615292713510403
375,2012-01-11 12:00:00,22.601982483109268
376,2012-01-12 12:00:00,22.58877929906994
377,2012-01-13 12:00:00,22.57553631659674
378,2012-01-14 12:00:00,22.562273701228005
379,2012-01-15 12:00:00,22.53993144752915
380,2012-01-16 12:00:00,22.43373110746457
381,2012-01-17 12:00:00,22.435770856447718
382,2012-01-18 12:00:00,22.5573719796172
383,2012-01-19 12:00:00,22.597370699187397
384,2012-01-20 12:00:00,22.62819326342301
385,2012-01-21 12:00:00,22.65897148624916
386,2012-01-22 12:00:00,22.69754999878232
387,2012-01-23 12:00:00,22.773370125636326
388,2012-01-24 12:00:00,22.873111479086155
389,2012-01-25 12:00:00,22.91379461026296
390,2012-01-26 12:00:00,22.948402494519165
391,2012-01-27 12:00:00,23.241927581246344
392,2012-01-28 12:00:00,24.04696168195217
393,2012-01-29 12:00:00,24.175622368363822
394,2012-01-30 12:00:00,24.280766875650187
395,2012-01-31 12:00:00,24.560425208533204
396,2012-02-01 12:00:00,24.38947599626482
397,2012-02-02 12:00:00,24.393618649507093
398,2012-02-03 12:00:00,24.502372802709573
399,2012-02-04 12:00:00,24.841367035800744
400,2012-02-05 12:00:00,24.94333840995513
401,2012-02-06 12:00:00,25.004457054967734
402,2012-02-07 12:00:00,25.06567221663454
403,2012-02-08 12:00:00,25.126940442132746
404,2012-02-09 12:00:00,25.18808508131986
405,2012-02-10 12:00:00,25.24940401735436
406,2012-02-11 12:00:00,25.31074347760378
407,2012-02-12 12:00:00,25.372076589045804
408,2012-02-13 12:00:00,25.43340007166328
409,2012-02-14 12:00:00,25.494772982818265
410,2012-02-15 12:00:00,25.548658615355556
411,2012-02-16 12:00:00,25.55123970830247
412,2012-02-17 12:00:00,25.516055302944736
413,2012-02-18 12:00:00,25.475861488444814
414,2012-02-19 12:00:00,25.4356396705599
415,2012-02-20 12:00:00,25.39535571850018
416,2012-02-21 12:00:00,25.355190253274014
417,2012-02-22 12:00:00,25.314949185325393
418,2012-02-23 12:00:00,25.27472610968446
419,2012-02-24 12:00:00,25.234430702070657
420,2012-02-25 12:00:00,25.194284870843525
421,2012-02-26 12:00:00,25.154092320843326
422,2012-02-27 12:00:00,25.113933215092253
423,2012-02-28 12:00:00,25.073741226043435
424,2012-02-29 12:00:00,25.03355139656329
425,2012-03-01 12:00:00,24.99345170993225
426,2012-03-02 12:00:00,24.953175027182933
427,2012-03-03 12:00:00,24.913068996684718
428,2012-03-04 12:00:00,24.872977133833967
429,2012-03-05 12:00:00,24.832740249430994
430,2012-03-06 12:00:00,24.748507994107367
431,2012-03-07 12:00:00,24.409502566578844
432,2012-03-08 12:00:00,24.31465557986037
433,2012-03-09 12:00:00,24.277203843455478
434,2012-03-10 12:00:00,24.239678873790503
435,2012-03-11 12:00:00,24.202192438900706
436,2012-03-12 12:00:00,24.1646382186749
437,2012-03-13 12:00:00,24.127202483478502
438,2012-03-14 12:00:00,24.089735116958998
439,2012-03-15 12:00:00,24.04024094246418
440,2012-03-16 12:00:00,23.883334454766665
441,2012-03-17 12:00:00,23.890002699964242
442,2012-03-18 12:00:00,24.152324934499983
443,2012-03-19 12:00:00,24.564892056129235
444,2012-03-20 12:00:00,24.716763040794152
445,2012-03-21 12:00:00,24.82546621247065
446,2012-03-22 12:00:00,24.93439765184103
447,2012-03-23 12:00:00,25.043477574125216
448,2012-03-24 12:00:00,25.152655451530055
449,2012-03-25 12:00:00,25.262005267722287
450,2012-03-26 12:00:00,25.37149027410506
451,2012-03-27 12:00:00,25.481156856821777
452,2012-03-28 12:00:00,25.590932303416537
453,2012-03-29 12:00:00,25.99395010866105
454,2012-03-30 12:00:00,26.979147773979467
455,2012-03-31 12:00:00,27.219883775809237
456,2012-04-01 12:00:00,27.380214640564294
457,2012-04-02 12:00:00,27.54068944252526
458,2012-04-03 12:00:00,28.04426650066421
459,2012-04-04 12:00:00,29.22925564305599
460,2012-04-05 12:00:00,29.540007387344996
461,2012-04-06 12:00:00,29.75775120035985
462,2012-04-07 12:00:00,29.97847930934407
463,2012-04-08 12:00:00,30.207344245324972
464,2012-04-09 12:00:00,30.478664445358174
465,2012-04-10 12:00:00,30.982000281820103
466,2012-04-11 12:00:00,32.080420297417426
467,2012-04-12 12:00:00,32.707074849057236
468,2012-04-13 12:00:00,33.03286775676382
469,2012-04-14 12:00:00,33.37365822271313
470,2012-04-15 12:00:00,33.88542225822852
471,2012-04-16 12:00:00,33.94589460115411
472,2012-04-17 12:00:00,33.86390029864331
473,2012-04-18 12:00:00,33.73579617494739
474,2012-04-19 12:00:00,33.39490455693889
475,2012-04-20 12:00:00,33.25544214319831
476,2012-04-21 12:00:00,33.16724991497431
477,2012-04-22 12:00:00,33.07892248417574
478,2012-04-23 12:00:00,32.99061721085726
479,2012-04-24 12:00:00,32.864408692467
480,2012-04-25 12:00:00,32.51279050595237
481,2012-04-26 12:00:00,32.380320505351705
482,2012-04-27 12:00:00,32.300702405311625
483,2012-04-28 12:00:00,32.14497019971282
484,2012-04-29 12:00:00,31.288004464098826
485,2012-04-30 12:00:00,31.326135261561337
486,2012-05-01 12:00:00,32.427729067977126
487,2012-05-02 12:00:00,32.46276366478029
488,2012-05-03 12:00:00,32.369712979661145
489,2012-05-04 12:00:00,32.25125930541856
490,2012-05-05 12:00:00,31.974561760710962
491,2012-05-06 12:00:00,31.84904983188665
492,2012-05-07 12:00:00,31.761680834927102
493,2012-05-08 12:00:00,31.67437907831036
494,2012-05-09 12:00:00,31.587241429027802
495,2012-05-10 12:00:00,31.474769202240097
496,2012-05-11 12:00:00,31.22012594849544
497,2012-05-12 12:00:00,31.108380393841408
498,2012-05-13 12:00:00,30.97155143758968
499,2012-05-14 12:00:00,30.304308333339105
500,2012-05-15 12:00:00,30.037342670729327
501,2012-05-16 12:00:00,29.98380924275411
502,2012-05-17 12:00:00,29.9731410836012
503,2012-05-18 12:00:00,29.95214414461625
504,2012-05-19 12:00:00,29.928035136267603
505,2012-05-20 12:00:00,29.904006998062975
506,2012-05-21 12:00:00,29.879999034085944
507,2012-05-22 12:00:00,29.85599797109114
508,2012-05-23 12:00:00,29.831924940089863
509,2012-05-24 12:00:00,29.807898258746068
510,2012-05-25 12:00:00,29.783877930571055
511,2012-05-26 12:00:00,29.75977201371453
512,2012-05-27 12:00:00,29.73581893006878
513,2012-05-28 12:00:00,29.711764249963597
514,2012-05-29 12:00:00,29.687811169979245
515,2012-05-30 12:00:00,29.663751392428715
516,2012-05-31 12:00:00,29.450386004990467
517,2012-06-01 12:00:00,27.517137532284533
518,2012-06-02 12:00:00,26.861580414982733
519,2012-06-03 12:00:00,26.85702441242379
520,2012-06-04 12:00:00,26.852491842685886
521,2012-06-05 12:00:00,26.84805014478094
522,2012-06-06 12:00:00,26.843541754346877
523,2012-06-07 12:00:00,26.83901500208591
524,2012-06-08 12:00:00,26.834548229896615
525,2012-06-09 12:00:00,26.830130323085662
526,2012-06-10 12:00:00,26.82556705121644
527,2012-06-11 12:00:00,26.821094282677297
528,2012-06-12 12:00:00,26.816630217694527
529,2012-06-13 12:00:00,26.81208656994429
530,2012-06-14 12:00:00,26.807643038390776
531,2012-06-15 12:00:00,26.80372895044042
532,2012-06-16 12:00:00,26.79590776664557
533,2012-06-17 12:00:00,26.74469320912456
534,2012-06-18 12:00:00,26.61646247421146
535,2012-06-19 12:00:00,26.08540425928235
536,2012-06-20 12:00:00,25.944792412162546
537,2012-06-21 12:00:00,25.895920132696723
538,2012-06-22 12:00:00,25.84706476212071
539,2012-06-23 12:00:00,25.798177388636283
540,2012-06-24 12:00:00,25.749359088968305
541,2012-06-25 12:00:00,25.700476280407344
542,2012-06-26 12:00:00,25.65162600727668
543,2012-06-27 12:00:00,25.602755531751498
544,2012-06-28 12:00:00,25.432264400821083
545,2012-06-29 12:00:00,24.142530147264203
546,2012-06-30 12:00:00,23.585947301850844
547,2012-07-01 12:00:00,22.531332651251358
548,2012-07-02 12:00:00,22.163216076537505
549,2012-07-03 12:00:00,22.148579410402377
550,2012-07-04 12:00:00,22.1339683768578
551,2012-07-05 12:00:00,22.119433671148126
552,2012-07-06 12:00:00,22.10479700373417
553,2012-07-07 12:00:00,22.090172700430674
554,2012-07-08 12:00:00,22.075633453024476
555,2012-07-09 12:00:00,22.061003158223436
556,2012-07-10 12:00:00,22.046500972773792
557,2012-07-11 12:00:00,22.03194935997845
558,2012-07-12 12:00:00,22.017341957541838
559,2012-07-13 12:00:00,22.00277163668134
560,2012-07-14 12:00:00,21.988140426089057
561,2012-07-15 12:00:00,21.973664786026163
562,2012-07-16 12:00:00,21.96090938682726
563,2012-07-17 12:00:00,21.95064545030165
564,2012-07-18 12:00:00,21.875691368787948
565,2012-07-19 12:00:00,21.83343126168191
566,2012-07-20 12:00:00,21.809681466362516
567,2012-07-21 12:00:00,21.785961848150556
568,2012-07-22 12:00:00,21.76225730773682
569,2012-07-23 12:00:00,21.73846317885569
570,2012-07-24 12:00:00,21.714732102181873
571,2012-07-25 12:00:00,21.69099194379696
572,2012-07-26 12:00:00,21.66731121793287
573,2012-07-27 12:00:00,21.460361229920185
574,2012-07-28 12:00:00,19.794287503077005
575,2012-07-29 12:00:00,19.27661948199479
576,2012-07-30 12:00:00,19.257797058231937
577,2012-07-31 12:00:00,19.812012892119544
578,2012-08-01 12:00:00,21.6729737976905
579,2012-08-02 12:00:00,21.853283347072885
580,2012-08-03 12:00:00,21.78454722093925
581,2012-08-04 12:00:00,21.745123713152765
582,2012-08-05 12:00:00,21.720759506372957
583,2012-08-06 12:00:00,21.696506514471373
584,2012-08-07 12:00:00,21.672325308532976
585,2012-08-08 12:00:00,21.64796981249117
586,2012-08-09 12:00:00,21.623785883300787
587,2012-08-10 12:00:00,21.59951871078887
588,2012-08-11 12:00:00,21.575219023919995
589,2012-08-12 12:00:00,21.550913869473824
590,2012-08-13 12:00:00,21.526752839391985
591,2012-08-14 12:00:00,21.502506202953963
592,2012-08-15 12:00:00,21.478147987496506
593,2012-08-16 12:00:00,21.456929100297423
594,2012-08-17 12:00:00,21.39596963467626
595,2012-08-18 12:00:00,20.92650894897755
596,2012-08-19 12:00:00,20.548194105935586
597,2012-08-20 12:00:00,20.23751063204086
598,2012-08-21 12:00:00,19.787093336983197
599,2012-08-22 12:00:00,18.194857448476306
600,2012-08-23 12:00:00,17.458243132093536
601,2012-08-24 12:00:00,16.24661954028795
602,2012-08-25 12:00:00,15.614577897899723
603,2012-08-26 12:00:00,14.718578668955528
604,2012-08-27 12:00:00,14.30576033946967
605,2012-08-28 12:00:00,12.926759949044124
606,2012-08-29 12:00:00,12.39244531614707
607,2012-08-30 12:00:00,12.26650927122243
608,2012-08-31 12:00:00,12.546128790906026
609,2012-09-01 12:00:00,13.48037358609111
610,2012-09-02 12:00:00,12.400464731432342
611,2012-09-03 12:00:00,11.9319903787935
612,2012-09-04 12:00:00,11.838966183457151
613,2012-09-05 12:00:00,11.746026675515239
614,2012-09-06 12:00:00,11.649105407933428
615,2012-09-07 12:00:00,11.530537307508284
616,2012-09-08 12:00:00,11.434290515279253
617,2012-09-09 12:00:00,11.3427846466285
618,2012-09-10 12:00:00,11.207753079704393
619,2012-09-11 12:00:00,10.669205732761494
620,2012-09-12 12:00:00,10.4374011785113
621,2012-09-13 12:00:00,10.363031662449915
622,2012-09-14 12:00:00,10.24489925469865
623,2012-09-15 12:00:00,9.729095639953131
624,2012-09-16 12:00:00,9.727460240867316
625,2012-09-17 12:00:00,10.242761296238681
626,2012-09-18 12:00:00,10.360065498078775
627,2012-09-19 12:00:00,10.433021273223325
628,2012-09-20 12:00:00,10.506080992744668
629,2012-09-21 12:00:00,10.733930341568815
630,2012-09-22 12:00:00,11.267913946332527
631,2012-09-23 12:00:00,11.398477932141361
632,2012-09-24 12:00:00,11.484955888531994
633,2012-09-25 12:00:00,11.571475458052495
634,2012-09-26 12:00:00,11.658093520680806
635,2012-09-27 12:00:00,11.74911662918168
636,2012-09-28 12:00:00,11.86163750262623
637,2012-09-29 12:00:00,11.953170411046342
638,2012-09-30 12:00:00,12.040725200148593
639,2012-10-01 12:00:00,12.128311066279002
640,2012-10-02 12:00:00,12.215973438888925
641,2012-10-03 12:00:00,12.30364269943091
642,2012-10-04 12:00:00,12.39138428854697
643,2012-10-05 12:00:00,12.47915478224795
644,2012-10-06 12:00:00,12.56699341263885
645,2012-10-07 12:00:00,13.009786570710679
646,2012-10-08 12:00:00,14.153589285479086
647,2012-10-09 12:00:00,14.371948401183854
648,2012-10-10 12:00:00,14.488982959352056
649,2012-10-11 12:00:00,14.606047679685746
650,2012-10-12 12:00:00,14.824035992607923
651,2012-10-13 12:00:00,15.466557134078961
652,2012-10-14 12:00:00,15.67442957279243
653,2012-10-15 12:00:00,15.807763525843328
654,2012-10-16 12:00:00,15.924541173638422
655,2012-10-17 12:00:00,15.947881576203338
656,2012-10-18 12:00:00,15.994031898070316
657,2012-10-19 12:00:00,16.046812019152135
658,2012-10-20 12:00:00,16.099697380326436
659,2012-10-21 12:00:00,16.152673789736493
660,2012-10-22 12:00:00,16.205641490300348
661,2012-10-23 12:00:00,16.258802748005067
662,2012-10-24 12:00:00,16.311911854936923
663,2012-10-25 12:00:00,16.617472523008264
664,2012-10-26 12:00:00,17.421309783999156
665,2012-10-27 12:00:00,17.84755321586673
666,2012-10-28 12:00:00,18.852308591004917
667,2012-10-29 12:00:00,19.09399915682089
668,2012-10-30 12:00:00,19.33959477893119
669,2012-10-31 12:00:00,19.614583830445515
670,2012-11-01 12:00:00,19.942987453202623
671,2012-11-02 12:00:00,20.078647177155133
672,2012-11-03 12:00:00,20.19419746350327
673,2012-11-04 12:00:00,20.30974957010007
674,2012-11-05 12:00:00,20.425475964505253
675,2012-11-06 12:00:00,20.551383149758202
676,2012-11-07 12:00:00,20.69738809397895
677,2012-11-08 12:00:00,20.816850615869487
678,2012-11-09 12:00:00,20.93345574121959
679,2012-11-10 12:00:00,21.050127387143505
680,2012-11-11 12:00:00,21.16684556322844
681,2012-11-12 12:00:00,21.283627348285613
682,2012-11-13 12:00:00,21.400410599242516
683,2012-11-14 12:00:00,21.517370319752754
684,2012-11-15 12:00:00,21.619679431992573
685,2012-11-16 12:00:00,21.63059964791379
686,2012-11-17 12:00:00,21.604419384877872
687,2012-11-18 12:00:00,21.5743731503943
688,2012-11-19 12:00:00,21.54434071938243
689,2012-11-20 12:00:00,21.5143489985844
690,2012-11-21 12:00:00,21.484383267020924
691,2012-11-22 12:00:00,21.454389738271257
692,2012-11-23 12:00:00,21.424369681512477
693,2012-11-24 12:00:00,21.394398498329895
694,2012-11-25 12:00:00,21.364481298606282
695,2012-11-26 12:00:00,21.334484492572287
696,2012-11-27 12:00:00,21.304536763284077
697,2012-11-28 12:00:00,21.27456831085095
698,2012-11-29 12:00:00,21.244634210610577
699,2012-11-30 12:00:00,21.239315061718834
700,2012-12-01 12:00:00,21.282663640050284
701,2012-12-02 12:00:00,21.259462097909815
702,2012-12-03 12:00:00,21.228796743395264
703,2012-12-04 12:00:00,21.198038519117457
704,2012-12-05 12:00:00,21.167349339297893
705,2012-12-06 12:00:00,21.1367352376678
706,2012-12-07 12:00:00,21.10604334279412
707,2012-12-08 12:00:00,21.07535145321052
708,2012-12-09 12:00:00,21.044640842423945
709,2012-12-10 12:00:00,21.014100336425287
710,2012-12-11 12:00:00,20.983445528330147
711,2012-12-12 12:00:00,20.952834141929497
712,2012-12-13 12:00:00,20.922102455453317
713,2012-12-14 12:00:00,20.89153451658487
714,2012-12-15 12:00:00,20.8609185999089
715,2012-12-16 12:00:00,20.834140108806018
716,2012-12-17 12:00:00,20.794749173648967
717,2012-12-18 12:00:00,20.524076526662036
718,2012-12-19 12:00:00,20.2667444535817
719,2012-12-20 12:00:00,20.03177468789442
720,2012-12-21 12:00:00,19.796870357996973
721,2012-12-22 12:00:00,19.56027496682937
722,2012-12-23 12:00:00,19.304842255470035
723,2012-12-24 12:00:00,19.064325582143137
724,2012-12-25 12:00:00,18.824741626532237
725,2012-12-26 12:00:00,18.498613470753714
726,2012-12-27 12:00:00,18.004313337861202
727,2012-12-28 12:00:00,17.707036322827015
728,2012-12-29 12:00:00,17.430533360739368
729,2012-12-30 12:00:00,16.55723383918799
730,2012-12-31 12:00:00,15.72658124791772
731,2013-01-01 12:00:00,15.439814653431357
732,2013-01-02 12:00:00,15.326400300228949
733,2013-01-03 12:00:00,15.213355975437487
734,2013-01-04 12:00:00,15.10048742106592
735,2013-01-05 12:00:00,14.987946009803176
736,2013-01-06 12:00:00,14.87563524382633
737,2013-01-07 12:00:00,14.763539508191672
738,2013-01-08 12:00:00,14.651760368458257
739,2013-01-09 12:00:00,14.54028458440106
740,2013-01-10 12:00:00,14.384431157792521
741,2013-01-11 12:00:00,13.969161942369032
742,2013-01-12 12:00:00,13.819199219016392
743,2013-01-13 12:00:00,13.731638112420534
744,2013-01-14 12:00:00,13.644033578752696
745,2013-01-15 12:00:00,13.556540627012064
746,2013-01-16 12:00:00,13.479892710497461
747,2013-01-17 12:00:00,13.480415734770947
748,2013-01-18 12:00:00,13.561722775829884
749,2013-01-19 12:00:00,13.654650678137726
750,2013-01-20 12:00:00,13.74761947790563
751,2013-01-21 12:00:00,13.84062115934207
752,2013-01-22 12:00:00,13.99714697763037
753,2013-01-23 12:00:00,14.426774829326208
754,2013-01-24 12:00:00,14.591648287063206
755,2013-01-25 12:00:00,14.710699525681948
756,2013-01-26 12:00:00,14.830064109368806
757,2013-01-27 12:00:00,14.949809463908151
758,2013-01-28 12:00:00,15.06973730388272
759,2013-01-29 12:00:00,15.19004954625553
760,2013-01-30 12:00:00,15.310644041988935
761,2013-01-31 12:00:00,15.431531897087378
762,2013-02-01 12:00:00,15.552605512172674
763,2013-02-02 12:00:00,15.681275098261507
764,2013-02-03 12:00:00,15.82481639908549
765,2013-02-04 12:00:00,15.950517558923428
766,2013-02-05 12:00:00,16.07442368930877
767,2013-02-06 12:00:00,16.422605571518247
768,2013-02-07 12:00:00,17.217014748624955
769,2013-02-08 12:00:00,17.468572388655787
770,2013-02-09 12:00:00,17.972198039368262
771,2013-02-10 12:00:00,19.054952962559952
772,2013-02-11 12:00:00,19.375787062820063
773,2013-02-12 12:00:00,19.60327966016459
774,2013-02-13 12:00:00,19.831043052670207
775,2013-02-14 12:00:00,20.030420357626866
776,2013-02-15 12:00:00,20.06859438424586
777,2013-02-16 12:00:00,20.137099726990787
778,2013-02-17 12:00:00,20.215440423717226
779,2013-02-18 12:00:00,20.337490647570537
780,2013-02-19 12:00:00,20.63685304499749
781,2013-02-20 12:00:00,21.043427219127544
782,2013-02-21 12:00:00,21.28454916851904
783,2013-02-22 12:00:00,21.396570389178716
784,2013-02-23 12:00:00,21.5034096702183
785,2013-02-24 12:00:00,21.622551217338252
786,2013-02-25 12:00:00,21.725861327849838
787,2013-02-26 12:00:00,22.09253978557517
788,2013-02-27 12:00:00,22.98323020552755
789,2013-02-28 12:00:00,23.102949293173356
790,2013-03-01 12:00:00,22.4058202767315
791,2013-03-02 12:00:00,22.522934130067945
792,2013-03-03 12:00:00,23.48357782744355
793,2013-03-04 12:00:00,23.692701259165045
794,2013-03-05 12:00:00,23.81955272848971
795,2013-03-06 12:00:00,23.94651961352902
796,2013-03-07 12:00:00,24.073365643181358
797,2013-03-08 12:00:00,24.200348875983373
798,2013-03-09 12:00:00,24.32729741524122
799,2013-03-10 12:00:00,24.454342393164705
800,2013-03-11 12:00:00,24.61590336962746
801,2013-03-12 12:00:00,24.84625120783626
802,2013-03-13 12:00:00,24.98697753552955
803,2013-03-14 12:00:00,25.119427185656555
804,2013-03-15 12:00:00,25.254789500974297
805,2013-03-16 12:00:00,25.370178091131308
806,2013-03-17 12:00:00,25.392321202298454
807,2013-03-18 12:00:00,25.486490246511835
808,2013-03-19 12:00:00,25.823752753164204
809,2013-03-20 12:00:00,25.924647890272542
810,2013-03-21 12:00:00,25.983635528705555
811,2013-03-22 12:00:00,26.04269487427377
812,2013-03-23 12:00:00,26.112491223304893
813,2013-03-24 12:00:00,26.22289073341775
814,2013-03-25 12:00:00,26.29095689758137
815,2013-03-26 12:00:00,26.352724736059773
816,2013-03-27 12:00:00,26.41449044219752
817,2013-03-28 12:00:00,26.476535108224397
818,2013-03-29 12:00:00,26.53846191136047
819,2013-03-30 12:00:00,26.60063631811279
820,2013-03-31 12:00:00,26.662835458463242
821,2013-04-01 12:00:00,26.72506365196154
822,2013-04-02 12:00:00,26.787453426605296
823,2013-04-03 12:00:00,27.158681400805857
824,2013-04-04 12:00:00,28.14130839345062
825,2013-04-05 12:00:00,28.538136866818114
826,2013-04-06 12:00:00,29.602987160744778
827,2013-04-07 12:00:00,30.79364348124109
828,2013-04-08 12:00:00,31.047198719823022
829,2013-04-09 12:00:00,31.340850026322013
830,2013-04-10 12:00:00,32.26255842159361
831,2013-04-11 12:00:00,33.44306855236409
832,2013-04-12 12:00:00,33.77791224492193
833,2013-04-13 12:00:00,34.01487890751161
834,2013-04-14 12:00:00,34.25222354934414
835,2013-04-15 12:00:00,34.460023972982114
836,2013-04-16 12:00:00,34.4838638463317
837,2013-04-17 12:00:00,34.44203105533209
838,2013-04-18 12:00:00,34.39430674207061
839,2013-04-19 12:00:00,34.34122448889681
840,2013-04-20 12:00:00,34.238106333723984
841,2013-04-21 12:00:00,34.11470798488837
842,2013-04-22 12:00:00,33.46376046318912
843,2013-04-23 12:00:00,33.229691645400486
844,2013-04-24 12:00:00,33.20942548623421
845,2013-04-25 12:00:00,33.18914066185174
846,2013-04-26 12:00:00,33.168776260568464
847,2013-04-27 12:00:00,33.14851736600108
848,2013-04-28 12:00:00,33.12817402523917
849,2013-04-29 12:00:00,33.107995082641956
850,2013-04-30 12:00:00,33.08768912922801
851,2013-05-01 12:00:00,33.06740437242649
852,2013-05-02 12:00:00,33.047153300710285
853,2013-05-03 12:00:00,33.0269812706043
854,2013-05-04 12:00:00,33.00664191869799
855,2013-05-05 12:00:00,32.98654348849755
856,2013-05-06 12:00:00,32.96637752668413
857,2013-05-07 12:00:00,32.94608943321482
858,2013-05-08 12:00:00,32.92600008702028
859,2013-05-09 12:00:00,32.90582805377808
860,2013-05-10 12:00:00,32.88570830943416
861,2013-05-11 12:00:00,32.86562676149766
862,2013-05-12 12:00:00,32.845509071003356
863,2013-05-13 12:00:00,32.82539469875081
864,2013-05-14 12:00:00,32.80536568869299
865,2013-05-15 12:00:00,32.785282408233115
866,2013-05-16 12:00:00,32.76777398484099
867,2013-05-17 12:00:00,32.76343355619274
868,2013-05-18 12:00:00,32.750875152590204
869,2013-05-19 12:00:00,32.7365913514891
870,2013-05-20 12:00:00,32.72218246368094
871,2013-05-21 12:00:00,32.70793759394036
872,2013-05-22 12:00:00,32.693744916853944
873,2013-05-23 12:00:00,32.67958274750742
874,2013-05-24 12:00:00,32.658365874017505
875,2013-05-25 12:00:00,32.57053964234982
876,2013-05-26 12:00:00,32.535020001195306
877,2013-05-27 12:00:00,32.52610439452389
878,2013-05-28 12:00:00,32.51726561786587
879,2013-05-29 12:00:00,32.50854720331351
880,2013-05-30 12:00:00,32.499784785829995
881,2013-05-31 12:00:00,32.08596936211784
882,2013-06-01 12:00:00,28.081275788011812
883,2013-06-02 12:00:00,26.731874241450317
884,2013-06-03 12:00:00,26.877325210476045
885,2013-06-04 12:00:00,27.473289230039093
886,2013-06-05 12:00:00,27.52903284160857
887,2013-06-06 12:00:00,27.51428524707318
888,2013-06-07 12:00:00,27.702358463987
889,2013-06-08 12:00:00,28.43859160692265
890,2013-06-09 12:00:00,28.519885087842148
891,2013-06-10 12:00:00,28.513708531981713
892,2013-06-11 12:00:00,28.50751692468621
893,2013-06-12 12:00:00,28.50138289928857
894,2013-06-13 12:00:00,28.423842044108927
895,2013-06-14 12:00:00,27.930235270680093
896,2013-06-15 12:00:00,27.83478924458366
897,2013-06-16 12:00:00,27.814418044214715
898,2013-06-17 12:00:00,27.587105967873413
899,2013-06-18 12:00:00,26.573002904632887
900,2013-06-19 12:00:00,24.957856893738377
901,2013-06-20 12:00:00,23.840083171729074
902,2013-06-21 12:00:00,23.615207259513216
903,2013-06-22 12:00:00,23.57282166824268
904,2013-06-23 12:00:00,23.519959236120354
905,2013-06-24 12:00:00,23.36978742356127
906,2013-06-25 12:00:00,23.286012832329558
907,2013-06-26 12:00:00,23.185899660654684
908,2013-06-27 12:00:00,23.137957221123198
909,2013-06-28 12:00:00,23.104742017384908
910,2013-06-29 12:00:00,23.067077853077045
911,2013-06-30 12:00:00,22.898460941664116
912,2013-07-01 12:00:00,21.931229876121755
913,2013-07-02 12:00:00,21.592334979688747
914,2013-07-03 12:00:00,21.569402710341027
915,2013-07-04 12:00:00,21.546387936709937
916,2013-07-05 12:00:00,21.52347801839457
917,2013-07-06 12:00:00,21.50045415418868
918,2013-07-07 12:00:00,21.47742120743066
919,2013-07-08 12:00:00,21.454383164243513
920,2013-07-09 12:00:00,21.431454899534227
921,2013-07-10 12:00:00,21.40847591551236
922,2013-07-11 12:00:00,21.202081017713656
923,2013-07-12 12:00:00,19.534300421263517
924,2013-07-13 12:00:00,19.01979966023404
925,2013-07-14 12:00:00,19.005176110294947
926,2013-07-15 12:00:00,18.990575455277938
927,2013-07-16 12:00:00,18.977831699140108
928,2013-07-17 12:00:00,18.969516867027043
929,2013-07-18 12:00:00,18.80576546585451
930,2013-07-19 12:00:00,17.549553363950398
931,2013-07-20 12:00:00,17.103284338794833
932,2013-07-21 12:00:00,17.074118593263677
933,2013-07-22 12:00:00,17.044935046507135
934,2013-07-23 12:00:00,17.015845268768594
935,2013-07-24 12:00:00,16.857099222618263
936,2013-07-25 12:00:00,15.916907456788712
937,2013-07-26 12:00:00,15.672324857649352
938,2013-07-27 12:00:00,15.487705929635812
939,2013-07-28 12:00:00,13.913977077004631
940,2013-07-29 12:00:00,13.37791745218793
941,2013-07-30 12:00:00,13.377081883070296
942,2013-07-31 12:00:00,14.130239375949854
943,2013-08-01 12:00:00,16.498693525751214
944,2013-08-02 12:00:00,16.726614296338486
945,2013-08-03 12:00:00,16.69793401146901
946,2013-08-04 12:00:00,16.669284823597142
947,2013-08-05 12:00:00,16.640647080786586
948,2013-08-06 12:00:00,16.612095857478273
949,2013-08-07 12:00:00,16.583490650273202
950,2013-08-08 12:00:00,16.55500067426886
951,2013-08-09 12:00:00,16.526652096293894
952,2013-08-10 12:00:00,16.49819920715576
953,2013-08-11 12:00:00,16.469836454035864
954,2013-08-12 12:00:00,16.441533691480544
955,2013-08-13 12:00:00,16.413321425598735
956,2013-08-14 12:00:00,16.28521484290109
957,2013-08-15 12:00:00,15.56703109018739
958,2013-08-16 12:00:00,15.417302203739066
959,2013-08-17 12:00:00,15.384450690186828
960,2013-08-18 12:00:00,15.165238218398134
961,2013-08-19 12:00:00,14.795915328943792
962,2013-08-20 12:00:00,13.320973110609453
963,2013-08-21 12:00:00,12.696170262223445
964,2013-08-22 12:00:00,12.431817904480136
965,2013-08-23 12:00:00,11.734160453314502
966,2013-08-24 12:00:00,11.402822670170712
967,2013-08-25 12:00:00,11.255455098903036
968,2013-08-26 12:00:00,11.108244156532455
969,2013-08-27 12:00:00,10.961236925097678
970,2013-08-28 12:00:00,10.814401958839623
971,2013-08-29 12:00:00,10.665209716201394
972,2013-08-30 12:00:00,10.43861739305633
973,2013-08-31 12:00:00,9.918962928453839
974,2013-09-01 12:00:00,10.168996619324986
975,2013-09-02 12:00:00,10.082977203590005
976,2013-09-03 12:00:00,9.937264138857335
977,2013-09-04 12:00:00,9.79183220785666
978,2013-09-05 12:00:00,9.644584951766271
979,2013-09-06 12:00:00,9.478949864760885
980,2013-09-07 12:00:00,9.283459122682933
981,2013-09-08 12:00:00,8.618205062969853
982,2013-09-09 12:00:00,7.616322219901484
983,2013-09-10 12:00:00,6.907894985548996
984,2013-09-11 12:00:00,5.680131415794614
985,2013-09-12 12:00:00,5.193984397660162
986,2013-09-13 12:00:00,4.478323525269877
987,2013-09-14 12:00:00,4.220459244115322
988,2013-09-15 12:00:00,4.2004907281005925
989,2013-09-16 12:00:00,4.199534121871205
990,2013-09-17 12:00:00,4.212963075518715
991,2013-09-18 12:00:00,4.228269303179424
992,2013-09-19 12:00:00,4.475804749591344
993,2013-09-20 12:00:00,5.181462111115483
994,2013-09-21 12:00:00,5.644627095906707
995,2013-09-22 12:00:00,6.787097578850194
996,2013-09-23 12:00:00,7.0028168439659595
997,2013-09-24 12:00:00,7.332352531753619
998,2013-09-25 12:00:00,7.837508602993531
999,2013-09-26 12:00:00,9.083533626733086
1000,2013-09-27 12:00:00,9.298206189530841
1001,2013-09-28 12:00:00,9.407212942349599
1002,2013-09-29 12:00:00,9.530661576856934
1003,2013-09-30 12:00:00,9.635560274708075
1004,2013-10-01 12:00:00,9.738463752537099
1005,2013-10-02 12:00:00,9.841478991691563
1006,2013-10-03 12:00:00,9.944650325820868
1007,2013-10-04 12:00:00,10.047885798482895
1008,2013-10-05 12:00:00,10.151258658229548
1009,2013-10-06 12:00:00,10.254663119712536
1010,2013-10-07 12:00:00,10.358211329034058
1011,2013-10-08 12:00:00,10.461798060343199
1012,2013-10-09 12:00:00,10.565546885797133
1013,2013-10-10 12:00:00,10.669368937801336
1014,2013-10-11 12:00:00,10.77328348612571
1015,2013-10-12 12:00:00,10.877248003303155
1016,2013-10-13 12:00:00,10.981343900372353
1017,2013-10-14 12:00:00,11.085460872202601
1018,2013-10-15 12:00:00,11.189728499335105
1019,2013-10-16 12:00:00,11.280998278705734
1020,2013-10-17 12:00:00,11.451522388376034
1021,2013-10-18 12:00:00,11.943964295786845
1022,2013-10-19 12:00:00,12.048969105437063
1023,2013-10-20 12:00:00,12.11571181229061
1024,2013-10-21 12:00:00,12.204926340416437
1025,2013-10-22 12:00:00,12.272327908344772
1026,2013-10-23 12:00:00,12.365198092187605
1027,2013-10-24 12:00:00,12.517057864621547
1028,2013-10-25 12:00:00,13.017528255873156
1029,2013-10-26 12:00:00,14.351008758898432
1030,2013-10-27 12:00:00,14.62928804774092
1031,2013-10-28 12:00:00,14.967497397593059
1032,2013-10-29 12:00:00,15.639781009884764
1033,2013-10-30 12:00:00,16.312428764958486
1034,2013-10-31 12:00:00,17.870039649105156
1035,2013-11-01 12:00:00,18.599519868814042
1036,2013-11-02 12:00:00,18.881923729171636
1037,2013-11-03 12:00:00,19.110836857197626
1038,2013-11-04 12:00:00,19.339948108042094
1039,2013-11-05 12:00:00,19.56928852923373
1040,2013-11-06 12:00:00,19.798846330576573
1041,2013-11-07 12:00:00,20.038577681449034
1042,2013-11-08 12:00:00,20.298486041743985
1043,2013-11-09 12:00:00,20.532586774848394
1044,2013-11-10 12:00:00,20.76399691127384
1045,2013-11-11 12:00:00,20.995549004613697
1046,2013-11-12 12:00:00,21.227370632801378
1047,2013-11-13 12:00:00,21.459224253720922
1048,2013-11-14 12:00:00,21.69125906947515
1049,2013-11-15 12:00:00,21.894396044591115
1050,2013-11-16 12:00:00,21.929198578718434
1051,2013-11-17 12:00:00,21.997497569119073
1052,2013-11-18 12:00:00,22.126925646704432
1053,2013-11-19 12:00:00,22.18320349175799
1054,2013-11-20 12:00:00,22.231370209218955
1055,2013-11-21 12:00:00,22.279697031583304
1056,2013-11-22 12:00:00,22.327902638922158
1057,2013-11-23 12:00:00,22.376138052307947
1058,2013-11-24 12:00:00,22.424384367390676
1059,2013-11-25 12:00:00,22.472637592494756
1060,2013-11-26 12:00:00,22.520919170008543
1061,2013-11-27 12:00:00,22.569235454992363
1062,2013-11-28 12:00:00,22.61744197309497
1063,2013-11-29 12:00:00,22.665832413207855
1064,2013-11-30 12:00:00,23.089275033359655
1065,2013-12-01 12:00:00,24.279005660504303
1066,2013-12-02 12:00:00,24.478914095399134
1067,2013-12-03 12:00:00,24.56727294155506
1068,2013-12-04 12:00:00,24.65574792976234
1069,2013-12-05 12:00:00,24.74434358108315
1070,2013-12-06 12:00:00,24.832949769872013
1071,2013-12-07 12:00:00,24.921685369192996
1072,2013-12-08 12:00:00,25.010565450450077
1073,2013-12-09 12:00:00,25.09941027584554
1074,2013-12-10 12:00:00,25.18927041369122
1075,2013-12-11 12:00:00,25.280605434075767
1076,2013-12-12 12:00:00,25.370084316877712
1077,2013-12-13 12:00:00,25.68528153996687
1078,2013-12-14 12:00:00,26.45391373239156
1079,2013-12-15 12:00:00,26.66601983908217
1080,2013-12-16 12:00:00,26.779398706183486
1081,2013-12-17 12:00:00,26.789244293954454
1082,2013-12-18 12:00:00,26.7441009963304
1083,2013-12-19 12:00:00,26.672602720086502
1084,2013-12-20 12:00:00,26.621631688817768
1085,2013-12-21 12:00:00,26.575809368635433
1086,2013-12-22 12:00:00,26.529809316082595
1087,2013-12-23 12:00:00,26.481837007175322
1088,2013-12-24 12:00:00,26.43541191330551
1089,2013-12-25 12:00:00,26.389731348408766
1090,2013-12-26 12:00:00,26.281143227063446
1091,2013-12-27 12:00:00,25.592954668837734
1092,2013-12-28 12:00:00,25.335717730294576
1093,2013-12-29 12:00:00,25.300580274498806
1094,2013-12-30 12:00:00,25.26539758068412
1095,2013-12-31 12:00:00,25.230137999536904
1096,2014-01-01 12:00:00,25.194962575644567
1097,2014-01-02 12:00:00,25.159813686208953
1098,2014-01-03 12:00:00,25.124678049470578
1099,2014-01-04 12:00:00,25.089666362431135
1100,2014-01-05 12:00:00,25.05450966221188
1101,2014-01-06 12:00:00,25.019441276396485
1102,2014-01-07 12:00:00,24.98443958584317
1103,2014-01-08 12:00:00,24.949388100719727
1104,2014-01-09 12:00:00,24.914341162845876
1105,2014-01-10 12:00:00,24.879293326854665
1106,2014-01-11 12:00:00,24.84427110688375
1107,2014-01-12 12:00:00,24.809327014098283
1108,2014-01-13 12:00:00,24.774365132296676
1109,2014-01-14 12:00:00,24.739469585626537
1110,2014-01-15 12:00:00,24.704515879887303
1111,2014-01-16 12:00:00,24.673911676912212
1112,2014-01-17 12:00:00,24.65593764720099
1113,2014-01-18 12:00:00,24.56032452398553
1114,2014-01-19 12:00:00,24.45081606671524
1115,2014-01-20 12:00:00,24.341517515978136
1116,2014-01-21 12:00:00,24.19578800992003
1117,2014-01-22 12:00:00,23.83932455725015
1118,2014-01-23 12:00:00,23.688949273043875
1119,2014-01-24 12:00:00,23.586923437434123
1120,2014-01-25 12:00:00,23.48487433764569
1121,2014-01-26 12:00:00,23.382862328559792
1122,2014-01-27 12:00:00,23.280774346478857
1123,2014-01-28 12:00:00,23.178832301916422
1124,2014-01-29 12:00:00,23.076891166751526
1125,2014-01-30 12:00:00,22.97488552472585
1126,2014-01-31 12:00:00,22.862350890038652
1127,2014-02-01 12:00:00,22.651175257189248
1128,2014-02-02 12:00:00,22.440074573326722
1129,2014-02-03 12:00:00,21.555128277404574
1130,2014-02-04 12:00:00,20.950280787557958
1131,2014-02-05 12:00:00,20.78418476683623
1132,2014-02-06 12:00:00,20.70806651495606
1133,2014-02-07 12:00:00,20.61981661149188
1134,2014-02-08 12:00:00,20.419030273477016
1135,2014-02-09 12:00:00,20.30375391153967
1136,2014-02-10 12:00:00,20.232450394786166
1137,2014-02-11 12:00:00,20.161094164275962
1138,2014-02-12 12:00:00,20.089795728256117
1139,2014-02-13 12:00:00,20.018500395150117
1140,2014-02-14 12:00:00,19.956096119667205
1141,2014-02-15 12:00:00,19.947651864110533
1142,2014-02-16 12:00:00,19.951767829015903
1143,2014-02-17 12:00:00,19.956361136045057
1144,2014-02-18 12:00:00,19.96099788822436
1145,2014-02-19 12:00:00,19.96556284633002
1146,2014-02-20 12:00:00,19.970262296893008
1147,2014-02-21 12:00:00,19.97489631259472
1148,2014-02-22 12:00:00,19.979560508136583
1149,2014-02-23 12:00:00,19.98419634324582
1150,2014-02-24 12:00:00,19.988822185792927
1151,2014-02-25 12:00:00,20.036889674168766
1152,2014-02-26 12:00:00,20.1704129722786
1153,2014-02-27 12:00:00,20.190448849482156
1154,2014-02-28 12:00:00,20.184646576505656
1155,2014-03-01 12:00:00,20.10332921484014
1156,2014-03-02 12:00:00,20.1998576826253
1157,2014-03-03 12:00:00,20.220718606139044
1158,2014-03-04 12:00:00,20.228346614128146
1159,2014-03-05 12:00:00,20.235958630735176
1160,2014-03-06 12:00:00,20.340645333767515
1161,2014-03-07 12:00:00,20.636933679700356
1162,2014-03-08 12:00:00,20.67914671411087
1163,2014-03-09 12:00:00,20.736415212298528
1164,2014-03-10 12:00:00,20.87842543337744
1165,2014-03-11 12:00:00,20.90847809812981
1166,2014-03-12 12:00:00,20.926285100745723
1167,2014-03-13 12:00:00,20.94413044749257
1168,2014-03-14 12:00:00,20.961947986297847
1169,2014-03-15 12:00:00,20.97984095147589
1170,2014-03-16 12:00:00,20.9953806071038
1171,2014-03-17 12:00:00,21.011611818671525
1172,2014-03-18 12:00:00,21.10891287179242
1173,2014-03-19 12:00:00,21.22014272819937
1174,2014-03-20 12:00:00,21.331479983513205
1175,2014-03-21 12:00:00,21.4429064743995
1176,2014-03-22 12:00:00,21.851819063480797
1177,2014-03-23 12:00:00,22.852320932536927
1178,2014-03-24 12:00:00,23.16082891900403
1179,2014-03-25 12:00:00,23.65034520585189
1180,2014-03-26 12:00:00,23.883740956668017
1181,2014-03-27 12:00:00,24.07337639850798
1182,2014-03-28 12:00:00,24.263378041191167
1183,2014-03-29 12:00:00,24.743934696012545
1184,2014-03-30 12:00:00,25.803513877772808
1185,2014-03-31 12:00:00,26.137211682847703
1186,2014-04-01 12:00:00,26.393202631672352
1187,2014-04-02 12:00:00,26.66165492134956
1188,2014-04-03 12:00:00,27.665376525108947
1189,2014-04-04 12:00:00,30.14821588376908
1190,2014-04-05 12:00:00,31.054694092974614
1191,2014-04-06 12:00:00,31.546461969655393
1192,2014-04-07 12:00:00,32.00492590966204
1193,2014-04-08 12:00:00,32.46379240988191
1194,2014-04-09 12:00:00,32.92306344382891
1195,2014-04-10 12:00:00,33.382572183649415
1196,2014-04-11 12:00:00,33.84244711297857
1197,2014-04-12 12:00:00,34.30248341973388
1198,2014-04-13 12:00:00,34.76289191825048
1199,2014-04-14 12:00:00,35.22351431219002
1200,2014-04-15 12:00:00,35.62652760897361
1201,2014-04-16 12:00:00,35.68812349244579
1202,2014-04-17 12:00:00,35.717729496225786
1203,2014-04-18 12:00:00,35.7513938207156
1204,2014-04-19 12:00:00,35.785159531366745
1205,2014-04-20 12:00:00,35.81898975544783
1206,2014-04-21 12:00:00,35.85264808989412
1207,2014-04-22 12:00:00,35.88643215315821
1208,2014-04-23 12:00:00,35.920214413848036
1209,2014-04-24 12:00:00,35.953948495208905
1210,2014-04-25 12:00:00,35.98770841006891
1211,2014-04-26 12:00:00,36.021479219707075
1212,2014-04-27 12:00:00,36.055199682284055
1213,2014-04-28 12:00:00,36.08907843189844
1214,2014-04-29 12:00:00,36.12395757041077
1215,2014-04-30 12:00:00,36.28857267098617
1216,2014-05-01 12:00:00,36.70044344600247
1217,2014-05-02 12:00:00,36.77265754383183
1218,2014-05-03 12:00:00,36.807234680319965
1219,2014-05-04 12:00:00,36.84180185244585
1220,2014-05-05 12:00:00,36.87634100554623
1221,2014-05-06 12:00:00,36.91094651264301
1222,2014-05-07 12:00:00,36.94557670996749
1223,2014-05-08 12:00:00,36.98014715964029
1224,2014-05-09 12:00:00,37.0147379274713
1225,2014-05-10 12:00:00,37.04931597463551
1226,2014-05-11 12:00:00,37.08391185189151
1227,2014-05-12 12:00:00,37.11847209271517
1228,2014-05-13 12:00:00,37.15302689645714
1229,2014-05-14 12:00:00,37.18765982906779
1230,2014-05-15 12:00:00,37.22228641348259
1231,2014-05-16 12:00:00,37.25255886794565
1232,2014-05-17 12:00:00,37.25591595021882
1233,2014-05-18 12:00:00,37.24875584905422
1234,2014-05-19 12:00:00,37.24067610675259
1235,2014-05-20 12:00:00,37.23250679616038
1236,2014-05-21 12:00:00,37.22433873870098
1237,2014-05-22 12:00:00,37.21618177608663
1238,2014-05-23 12:00:00,37.20812166098602
1239,2014-05-24 12:00:00,37.199954168664206
1240,2014-05-25 12:00:00,37.19174595435669
1241,2014-05-26 12:00:00,37.18369910491634
1242,2014-05-27 12:00:00,37.17560339114725
1243,2014-05-28 12:00:00,37.16743078635086
1244,2014-05-29 12:00:00,37.15926329539539
1245,2014-05-30 12:00:00,37.151131406452805
1246,2014-05-31 12:00:00,37.10318608146201
1247,2014-06-01 12:00:00,36.69233525142379
1248,2014-06-02 12:00:00,36.54598269762235
1249,2014-06-03 12:00:00,36.53649697925003
1250,2014-06-04 12:00:00,36.52707667489437
1251,2014-06-05 12:00:00,36.51769652015103
1252,2014-06-06 12:00:00,36.50823403523285
1253,2014-06-07 12:00:00,36.498730510257666
1254,2014-06-08 12:00:00,36.4893174728293
1255,2014-06-09 12:00:00,36.479802483752295
1256,2014-06-10 12:00:00,36.47043469713067
1257,2014-06-11 12:00:00,36.460961319817194
1258,2014-06-12 12:00:00,36.45152447432069
1259,2014-06-13 12:00:00,36.44203873981551
1260,2014-06-14 12:00:00,36.43264079160736
1261,2014-06-15 12:00:00,36.42437864031561
1262,2014-06-16 12:00:00,36.408479322842275
1263,2014-06-17 12:00:00,36.30478846336203
1264,2014-06-18 12:00:00,36.18618329071599
1265,2014-06-19 12:00:00,36.06766372535455
1266,2014-06-20 12:00:00,35.94914086767956
1267,2014-06-21 12:00:00,35.83065600286911
1268,2014-06-22 12:00:00,35.71211115234705
1269,2014-06-23 12:00:00,35.59359376140792
1270,2014-06-24 12:00:00,35.47527899627075
1271,2014-06-25 12:00:00,35.3568520938947
1272,2014-06-26 12:00:00,35.23847464139142
1273,2014-06-27 12:00:00,35.1201424211797
1274,2014-06-28 12:00:00,35.0019085252576
1275,2014-06-29 12:00:00,34.88362156532942
1276,2014-06-30 12:00:00,34.023511103459576
1277,2014-07-01 12:00:00,26.584152487358935
1278,2014-07-02 12:00:00,24.12359624911409
1279,2014-07-03 12:00:00,24.11080256870729
1280,2014-07-04 12:00:00,24.098172276041005
1281,2014-07-05 12:00:00,24.08540004101785
1282,2014-07-06 12:00:00,24.072629267041986
1283,2014-07-07 12:00:00,24.059899197148845
1284,2014-07-08 12:00:00,24.047186029051282
1285,2014-07-09 12:00:00,24.03439053514004
1286,2014-07-10 12:00:00,24.021674636030177
1287,2014-07-11 12:00:00,24.00894910143959
1288,2014-07-12 12:00:00,23.996189780810433
1289,2014-07-13 12:00:00,23.971367759057944
1290,2014-07-14 12:00:00,23.861496449013966
1291,2014-07-15 12:00:00,23.82690501268816
1292,2014-07-16 12:00:00,23.816374331160418
1293,2014-07-17 12:00:00,23.816335804493757
1294,2014-07-18 12:00:00,23.82615132447876
1295,2014-07-19 12:00:00,23.837292662547636
1296,2014-07-20 12:00:00,23.848484337097002
1297,2014-07-21 12:00:00,23.859649477943925
1298,2014-07-22 12:00:00,23.870904214089638
1299,2014-07-23 12:00:00,23.882123333280386
1300,2014-07-24 12:00:00,23.893316823050814
1301,2014-07-25 12:00:00,23.904471425326054
1302,2014-07-26 12:00:00,23.915725253265645
1303,2014-07-27 12:00:00,23.92691692926903
1304,2014-07-28 12:00:00,23.93803354431955
1305,2014-07-29 12:00:00,23.94927046883462
1306,2014-07-30 12:00:00,23.960568282906298
1307,2014-07-31 12:00:00,24.626527885444464
1308,2014-08-01 12:00:00,26.678699974443724
1309,2014-08-02 12:00:00,26.905991147253832
1310,2014-08-03 12:00:00,26.91865491146373
1311,2014-08-04 12:00:00,26.931298504616247
1312,2014-08-05 12:00:00,26.943835613549364
1313,2014-08-06 12:00:00,26.956498826197148
1314,2014-08-07 12:00:00,26.96907790763659
1315,2014-08-08 12:00:00,26.98167952863292
1316,2014-08-09 12:00:00,26.99433730314914
1317,2014-08-10 12:00:00,27.006942911197445
1318,2014-08-11 12:00:00,27.019567791169653
1319,2014-08-12 12:00:00,27.032153774607533
1320,2014-08-13 12:00:00,27.04480699777577
1321,2014-08-14 12:00:00,27.057433695351488
1322,2014-08-15 12:00:00,27.070022409626475
1323,2014-08-16 12:00:00,27.08108106500394
1324,2014-08-17 12:00:00,27.076747603045586
1325,2014-08-18 12:00:00,27.03518757398921
1326,2014-08-19 12:00:00,26.987686256617568
1327,2014-08-20 12:00:00,26.940145678045585
1328,2014-08-21 12:00:00,26.81689308638033
1329,2014-08-22 12:00:00,26.252664618950398
1330,2014-08-23 12:00:00,26.102165946317797
1331,2014-08-24 12:00:00,25.98856230885565
1332,2014-08-25 12:00:00,25.93370823890261
1333,2014-08-26 12:00:00,25.895869362477264
1334,2014-08-27 12:00:00,25.85744533864014
1335,2014-08-28 12:00:00,25.68394744390432
1336,2014-08-29 12:00:00,24.32117827353352
1337,2014-08-30 12:00:00,23.84327818169255
1338,2014-08-31 12:00:00,24.390121622092416
1339,2014-09-01 12:00:00,26.11106501893682
1340,2014-09-02 12:00:00,26.250863927962833
1341,2014-09-03 12:00:00,26.206481897477758
1342,2014-09-04 12:00:00,26.161695891484634
1343,2014-09-05 12:00:00,26.11296497875806
1344,2014-09-06 12:00:00,26.067299063764622
1345,2014-09-07 12:00:00,26.02314201389567
1346,2014-09-08 12:00:00,25.979067655611093
1347,2014-09-09 12:00:00,25.934982753989548
1348,2014-09-10 12:00:00,25.82950502741925
1349,2014-09-11 12:00:00,25.36659168368238
1350,2014-09-12 12:00:00,25.24744417739382
1351,2014-09-13 12:00:00,25.209843357178645
1352,2014-09-14 12:00:00,25.172184024596188
1353,2014-09-15 12:00:00,25.13924248672891
1354,2014-09-16 12:00:00,25.133145648052224
1355,2014-09-17 12:00:00,25.123796618772555
1356,2014-09-18 12:00:00,25.11302818190682
1357,2014-09-19 12:00:00,25.102376987309537
1358,2014-09-20 12:00:00,25.091658898695886
1359,2014-09-21 12:00:00,25.080832851852918
1360,2014-09-22 12:00:00,25.070159652112167
1361,2014-09-23 12:00:00,25.05946083344374
1362,2014-09-24 12:00:00,25.04882870108538
1363,2014-09-25 12:00:00,25.038054455869126
1364,2014-09-26 12:00:00,25.027299292248518
1365,2014-09-27 12:00:00,25.016699689768153
1366,2014-09-28 12:00:00,25.005905276980467
1367,2014-09-29 12:00:00,24.99517119971731
1368,2014-09-30 12:00:00,24.984447655648214
1369,2014-10-01 12:00:00,24.973725030103065
1370,2014-10-02 12:00:00,24.962985497296796
1371,2014-10-03 12:00:00,24.9523789959003
1372,2014-10-04 12:00:00,24.941681981522372
1373,2014-10-05 12:00:00,24.93087248547171
1374,2014-10-06 12:00:00,24.92018637688965
1375,2014-10-07 12:00:00,24.909502641746926
1376,2014-10-08 12:00:00,24.89873838592257
1377,2014-10-09 12:00:00,24.88806701189553
1378,2014-10-10 12:00:00,24.87733837942009
1379,2014-10-11 12:00:00,24.866601214850746
1380,2014-10-12 12:00:00,24.855889481875856
1381,2014-10-13 12:00:00,24.845248267806916
1382,2014-10-14 12:00:00,24.83455999419168
1383,2014-10-15 12:00:00,24.823792469018258
1384,2014-10-16 12:00:00,24.814351134184214
1385,2014-10-17 12:00:00,24.818170882798675
1386,2014-10-18 12:00:00,24.853989060602157
1387,2014-10-19 12:00:00,24.895163982622613
1388,2014-10-20 12:00:00,24.936149540665177
1389,2014-10-21 12:00:00,24.977246678918338
1390,2014-10-22 12:00:00,25.018254222135443
1391,2014-10-23 12:00:00,25.134453110865145
1392,2014-10-24 12:00:00,25.5744818988911
1393,2014-10-25 12:00:00,25.681034564483593
1394,2014-10-26 12:00:00,25.729247279181198
1395,2014-10-27 12:00:00,25.77754612918287
1396,2014-10-28 12:00:00,25.825826078583333
1397,2014-10-29 12:00:00,25.87416781287104
1398,2014-10-30 12:00:00,25.922444128868506
1399,2014-10-31 12:00:00,26.247680879951588
1400,2014-11-01 12:00:00,27.118935993339957
1401,2014-11-02 12:00:00,27.264441972844793
1402,2014-11-03 12:00:00,27.330162484341788
1403,2014-11-04 12:00:00,27.39590318245071
1404,2014-11-05 12:00:00,27.721700788324497
1405,2014-11-06 12:00:00,28.560860543265946
1406,2014-11-07 12:00:00,28.721341401016765
1407,2014-11-08 12:00:00,28.807501213021823
1408,2014-11-09 12:00:00,28.893559070645143
1409,2014-11-10 12:00:00,28.983292532930115
1410,2014-11-11 12:00:00,29.08786400258901
1411,2014-11-12 12:00:00,29.178051498425056
1412,2014-11-13 12:00:00,29.26590996481686
1413,2014-11-14 12:00:00,29.353583959843398
1414,2014-11-15 12:00:00,29.430521879599475
1415,2014-11-16 12:00:00,29.43551619304306
1416,2014-11-17 12:00:00,29.39346739161229
1417,2014-11-18 12:00:00,29.345487805116328
1418,2014-11-19 12:00:00,29.29742191810513
1419,2014-11-20 12:00:00,29.249405808777297
1420,2014-11-21 12:00:00,29.201328484464852
1421,2014-11-22 12:00:00,29.153349812568962
1422,2014-11-23 12:00:00,29.10536296539837
1423,2014-11-24 12:00:00,29.0573236044172
1424,2014-11-25 12:00:00,29.009338584064068
1425,2014-11-26 12:00:00,28.96129777697715
1426,2014-11-27 12:00:00,28.91341833109576
1427,2014-11-28 12:00:00,28.865469469433272
1428,2014-11-29 12:00:00,28.817411758834574
1429,2014-11-30 12:00:00,28.769431277795512
1430,2014-12-01 12:00:00,28.721525854714002
1431,2014-12-02 12:00:00,28.67353210801495
1432,2014-12-03 12:00:00,28.62565230046231
1433,2014-12-04 12:00:00,28.577614223283827
1434,2014-12-05 12:00:00,28.52967354306134
1435,2014-12-06 12:00:00,28.481754858681228
1436,2014-12-07 12:00:00,28.367976639663496
1437,2014-12-08 12:00:00,27.64709162587684
1438,2014-12-09 12:00:00,27.379967311945688
1439,2014-12-10 12:00:00,27.346406984937257
1440,2014-12-11 12:00:00,27.312807762323065
1441,2014-12-12 12:00:00,27.279213991240457
1442,2014-12-13 12:00:00,27.24566238982393
1443,2014-12-14 12:00:00,27.212011016874545
1444,2014-12-15 12:00:00,27.178539360738135
1445,2014-12-16 12:00:00,27.14907638324743
1446,2014-12-17 12:00:00,27.143285440125748
1447,2014-12-18 12:00:00,27.132181282221644
1448,2014-12-19 12:00:00,27.1162517687196
1449,2014-12-20 12:00:00,27.081195289728097
1450,2014-12-21 12:00:00,27.06572944996951
1451,2014-12-22 12:00:00,27.05511871597726
1452,2014-12-23 12:00:00,27.044483274258354
1453,2014-12-24 12:00:00,27.03359231799721
1454,2014-12-25 12:00:00,27.020826500829735
1455,2014-12-26 12:00:00,27.009584095134006
1456,2014-12-27 12:00:00,26.99902406316359
1457,2014-12-28 12:00:00,26.988545447434916
1458,2014-12-29 12:00:00,26.978124445432154
1459,2014-12-30 12:00:00,26.9676530926194
1460,2014-12-31 12:00:00,26.8915166675441
